{
  "name": "Sara Uylar - Professional Uy-joy E'lonlari",
  "short_name": "Sara Uylar",
  "description": "Zamonaviy va professional uy-joy e'lonlari platformasi. Google Material You dizayni bilan.",
  "start_url": "/",
  "display": "standalone",
  "background_color": "#FFFBFE",
  "theme_color": "#6750A4",
  "orientation": "portrait-primary",
  "scope": "/",
  "lang": "uz",
  "dir": "ltr",
  "categories": ["business", "productivity", "lifestyle"],
  "screenshots": [
    {
      "src": "data:image/svg+xml,%3Csvg xmlns='http://www.w3.org/2000/svg' viewBox='0 0 390 844'%3E%3Crect width='390' height='844' fill='%23FFFBFE'/%3E%3Ctext x='195' y='422' text-anchor='middle' font-size='48' fill='%236750A4'%3E🏠 Sara Uylar%3C/text%3E%3C/svg%3E",
      "sizes": "390x844",
      "type": "image/svg+xml",
      "form_factor": "narrow"
    }
  ],
  "icons": [
    {
      "src": "data:image/svg+xml,%3Csvg xmlns='http://www.w3.org/2000/svg' viewBox='0 0 192 192'%3E%3Crect width='192' height='192' rx='48' fill='%236750A4'/%3E%3Ctext x='96' y='130' text-anchor='middle' font-size='80' fill='white'%3E🏠%3C/text%3E%3C/svg%3E",
      "sizes": "192x192",
      "type": "image/svg+xml",
      "purpose": "any"
    },
    {
      "src": "data:image/svg+xml,%3Csvg xmlns='http://www.w3.org/2000/svg' viewBox='0 0 512 512'%3E%3Crect width='512' height='512' rx='128' fill='%236750A4'/%3E%3Ctext x='256' y='340' text-anchor='middle' font-size='200' fill='white'%3E🏠%3C/text%3E%3C/svg%3E",
      "sizes": "512x512",
      "type": "image/svg+xml",
      "purpose": "any"
    },
    {
      "src": "data:image/svg+xml,%3Csvg xmlns='http://www.w3.org/2000/svg' viewBox='0 0 192 192'%3E%3Crect width='192' height='192' rx='48' fill='%23FFFFFF'/%3E%3Ctext x='96' y='130' text-anchor='middle' font-size='80' fill='%236750A4'%3E🏠%3C/text%3E%3C/svg%3E",
      "sizes": "192x192",
      "type": "image/svg+xml",
      "purpose": "maskable"
    }
  ],
  "shortcuts": [
    {
      "name": "E'lon qo'shish",
      "short_name": "Qo'shish",
      "description": "Yangi e'lon qo'shish",
      "url": "/#add-listing",
      "icons": [
        {
          "src": "data:image/svg+xml,%3Csvg xmlns='http://www.w3.org/2000/svg' viewBox='0 0 96 96'%3E%3Ctext x='48' y='65' text-anchor='middle' font-size='48'%3E➕%3C/text%3E%3C/svg%3E",
          "sizes": "96x96",
          "type": "image/svg+xml"
        }
      ]
    },
    {
      "name": "Qidiruv",
      "short_name": "Qidiruv",
      "description": "E'lonlarni qidirish",
      "url": "/#search",
      "icons": [
        {
          "src": "data:image/svg+xml,%3Csvg xmlns='http://www.w3.org/2000/svg' viewBox='0 0 96 96'%3E%3Ctext x='48' y='65' text-anchor='middle' font-size='48'%3E🔍%3C/text%3E%3C/svg%3E",
          "sizes": "96x96",
          "type": "image/svg+xml"
        }
      ]
    },
    {
      "name": "Sevimlilar",
      "short_name": "Sevimlilar",
      "description": "Sevimli e'lonlar",
      "url": "/#favorites",
      "icons": [
        {
          "src": "data:image/svg+xml,%3Csvg xmlns='http://www.w3.org/2000/svg' viewBox='0 0 96 96'%3E%3Ctext x='48' y='65' text-anchor='middle' font-size='48'%3E❤️%3C/text%3E%3C/svg%3E",
          "sizes": "96x96",
          "type": "image/svg+xml"
        }
      ]
    }
  ],
  "share_target": {
    "action": "/",
    "method": "GET",
    "params": {
      "title": "title",
      "text": "text",
      "url": "url"
    }
  },
  "protocol_handlers": [
    {
      "protocol": "web+sarauylar",
      "url": "/#listing-%s"
    }
  ],
  "prefer_related_applications": false,
  "edge_side_panel": {
    "preferred_width": 400
  }
}