[
  {
    "id": "apartment",
    "name": "Kvartira",
    "icon": "🏢",
    "description": "Turmush binolaridagi kvartiralar",
    "count": 6
  },
  {
    "id": "house",
    "name": "Uy",
    "icon": "🏠",
    "description": "Hovli uylari va dachalar",
    "count": 4
  },
  {
    "id": "commercial",
    "name": "Tijorat",
    "icon": "🏪",
    "description": "Do'kon, omborxona va tijorat binolari",
    "count": 1
  },
  {
    "id": "office",
    "name": "Ofis",
    "icon": "🏢",
    "description": "Ofis binolari va ish joylari",
    "count": 1
  }
]