[
  {
    "id": 1,
    "title": "3 xonali kvartira Toshkent markazida",
    "description": "Shahar markazida joylashgan zamonaviy kvartira. Metro bekatiga 5 daqiqa piyoda. Barcha qulayliklar mavjud: lift, qo'riqlash, avtoturargoh. Yangi ta'mir qilingan, mebellar bilan birga.",
    "price": 85000,
    "location": "Toshkent, Yunusobod tumani",
    "property_type": "apartment",
    "type": "sale",
    "rooms": 3,
    "area": 75,
    "phone": "+998901234567",
    "user_id": 123456789,
    "status": "active",
    "views": 245,
    "images": ["uploads/demo1.jpg"],
    "created_at": "2024-01-15 10:30:00",
    "approved_at": "2024-01-15 11:00:00"
  },
  {
    "id": 2,
    "title": "Hovli uyi Samarqandda",
    "description": "4 xonali hovli uyi, katta bog' va garaj bilan. Tinch mahallada, maktab va do'konlarga yaqin. Gaz, suv, elektr barcha kommunal xizmatlar ulangan.",
    "price": 120000,
    "location": "Samarqand, Registon tumani",
    "property_type": "house",
    "type": "sale",
    "rooms": 4,
    "area": 150,
    "phone": "+998901234568",
    "user_id": 123456790,
    "status": "active",
    "views": 189,
    "images": ["uploads/demo2.jpg"],
    "created_at": "2024-01-14 14:20:00",
    "approved_at": "2024-01-14 15:00:00"
  },
  {
    "id": 3,
    "title": "Ijara - 2 xonali kvartira Chilonzorda",
    "description": "Yangi qurilgan binoda 2 xonali kvartira ijaraga beriladi. Barcha jihozlar mavjud: muzlatgich, kir yuvish mashinasi, konditsioner. Metro yaqin.",
    "price": 800,
    "location": "Toshkent, Chilonzor tumani",
    "property_type": "apartment",
    "type": "rent",
    "rooms": 2,
    "area": 55,
    "phone": "+998901234569",
    "user_id": 123456791,
    "status": "active",
    "views": 156,
    "images": ["uploads/demo3.jpg"],
    "created_at": "2024-01-13 09:15:00",
    "approved_at": "2024-01-13 10:00:00"
  },
  {
    "id": 4,
    "title": "Tijorat binosi Andijon markazida",
    "description": "Shahar markazida 200 kv.m tijorat maydoni. Do'kon, ofis yoki restoran uchun ideal. Katta odam oqimi, yaxshi transport aloqasi.",
    "price": 200000,
    "location": "Andijon, Markaziy tuman",
    "property_type": "commercial",
    "type": "sale",
    "rooms": 1,
    "area": 200,
    "phone": "+998901234570",
    "user_id": 123456792,
    "status": "active",
    "views": 98,
    "images": ["uploads/demo4.jpg"],
    "created_at": "2024-01-12 16:45:00",
    "approved_at": "2024-01-12 17:30:00"
  },
  {
    "id": 5,
    "title": "Zamonaviy 1 xonali studiya",
    "description": "Yangi turmush majmuasida studiya kvartira. Ochiq rejali, zamonaviy dizayn. Fitnes zal, hovuz, bolalar maydonchasi mavjud.",
    "price": 45000,
    "location": "Toshkent, Mirzo Ulug'bek tumani",
    "property_type": "apartment",
    "type": "sale",
    "rooms": 1,
    "area": 35,
    "phone": "+998901234571",
    "user_id": 123456793,
    "status": "active",
    "views": 312,
    "images": ["uploads/demo5.jpg"],
    "created_at": "2024-01-11 11:20:00",
    "approved_at": "2024-01-11 12:00:00"
  },
  {
    "id": 6,
    "title": "Katta hovli uyi Farg'onada",
    "description": "5 xonali katta hovli uyi, mevali daraxtlar bilan. Qishloq muhitida, toza havo. Shahar markaziga 15 daqiqa yo'l.",
    "price": 95000,
    "location": "Farg'ona, Farg'ona tumani",
    "property_type": "house",
    "type": "sale",
    "rooms": 5,
    "area": 180,
    "phone": "+998901234572",
    "user_id": 123456794,
    "status": "active",
    "views": 134,
    "images": ["uploads/demo6.jpg"],
    "created_at": "2024-01-10 13:30:00",
    "approved_at": "2024-01-10 14:15:00"
  },
  {
    "id": 7,
    "title": "Ofis binosi Nukusda",
    "description": "3 qavatli ofis binosi. Har qavatda 4 ta xona. Lift, konditsioner, internet mavjud. Biznes uchun ideal joy.",
    "price": 150000,
    "location": "Nukus, Markaziy tuman",
    "property_type": "office",
    "type": "sale",
    "rooms": 12,
    "area": 300,
    "phone": "+998901234573",
    "user_id": 123456795,
    "status": "active",
    "views": 67,
    "images": ["uploads/demo7.jpg"],
    "created_at": "2024-01-09 08:45:00",
    "approved_at": "2024-01-09 09:30:00"
  },
  {
    "id": 8,
    "title": "Ijara - Hovli uyi Buxoroda",
    "description": "Tarixiy shahar markazida hovli uyi ijaraga beriladi. 3 xona, katta hovli, mevali daraxtlar. Turistlar uchun ideal.",
    "price": 1200,
    "location": "Buxoro, Buxoro tumani",
    "property_type": "house",
    "type": "rent",
    "rooms": 3,
    "area": 120,
    "phone": "+998901234574",
    "user_id": 123456796,
    "status": "active",
    "views": 203,
    "images": ["uploads/demo8.jpg"],
    "created_at": "2024-01-08 15:10:00",
    "approved_at": "2024-01-08 16:00:00"
  },
  {
    "id": 9,
    "title": "Penthouse Toshkent Cityda",
    "description": "20-qavatdagi penthouse, shahar manzarasi bilan. Lux ta'mir, zamonaviy jihozlar. Elita turmush majmuasi.",
    "price": 250000,
    "location": "Toshkent, Shayxontohur tumani",
    "property_type": "apartment",
    "type": "sale",
    "rooms": 4,
    "area": 200,
    "phone": "+998901234575",
    "user_id": 123456797,
    "status": "active",
    "views": 445,
    "images": ["uploads/demo9.jpg"],
    "created_at": "2024-01-07 12:00:00",
    "approved_at": "2024-01-07 12:45:00",
    "premium": true
  },
  {
    "id": 10,
    "title": "Yangi qurilayotgan kvartira",
    "description": "2025-yilda topshiriladigan yangi binoda kvartira. Qurilish kompaniyasidan to'g'ridan-to'g'ri. Chegirmalar mavjud.",
    "price": 65000,
    "location": "Toshkent, Sergeli tumani",
    "property_type": "apartment",
    "type": "sale",
    "rooms": 2,
    "area": 60,
    "phone": "+998901234576",
    "user_id": 123456798,
    "status": "active",
    "views": 178,
    "images": ["uploads/demo10.jpg"],
    "created_at": "2024-01-06 10:30:00",
    "approved_at": "2024-01-06 11:15:00"
  },
  {
    "id": 11,
    "title": "Dacha Chimyon tog'larida",
    "description": "Tog'li hududda dacha uyi. Tabiat qo'ynida dam olish uchun ideal. Yoz va qish fasllarida foydalanish mumkin.",
    "price": 35000,
    "location": "Toshkent viloyati, Chimyon",
    "property_type": "house",
    "type": "sale",
    "rooms": 2,
    "area": 80,
    "phone": "+998901234577",
    "user_id": 123456799,
    "status": "active",
    "views": 89,
    "images": ["uploads/demo11.jpg"],
    "created_at": "2024-01-05 14:20:00",
    "approved_at": "2024-01-05 15:00:00"
  },
  {
    "id": 12,
    "title": "Kutilayotgan e'lon - Yangi loyiha",
    "description": "Shahar markazida yangi turmush majmuasi. Barcha qulayliklar: maktab, bog'cha, do'konlar. Oldindan buyurtma qabul qilinadi.",
    "price": 75000,
    "location": "Toshkent, Yakkasaroy tumani",
    "property_type": "apartment",
    "type": "sale",
    "rooms": 3,
    "area": 85,
    "phone": "+998901234578",
    "user_id": 123456800,
    "status": "pending",
    "views": 23,
    "images": ["uploads/demo12.jpg"],
    "created_at": "2024-01-04 09:00:00"
  }
]